{"cameraMode":{"drawMode":0,"name":"Shaded","section":"Shading Mode"},"sceneLighting":true,"audioPlay":false,"sceneViewState":{"showFog":true,"showMaterialUpdate":false,"showSkybox":true,"showFlares":true,"showImageEffects":true,"showParticleSystems":true,"showVisualEffectGraphs":true,"m_FxEnabled":true},"in2DMode":false,"pivot":{"x":-0.6695566177368164,"y":4.503575801849365,"z":-0.11266803741455078},"rotation":{"x":-0.22349373996257783,"y":0.25915440917015078,"z":-0.061778295785188678,"w":-0.9376078844070435},"size":3.6721878051757814,"orthographic":false}